studyYear,pop,programName,studyName,germplasmName,herbicideType,replicate,blockNumber,plotNumber,rowNumber,colNumber,entryType,Chalk impact|LSU_01:0000108,Days to heading|LSU_01:0000130,Whole milling percentage|LSU_01:0000100,Yield|LSU_01:0000138
2020,MP-FOUNDERS,LSU Rice,20MP2,CL111_MP,Clearfield,1,6,198,5,26,check,12.79,87,66.09,10487.65
2020,MP-FOUNDERS,LSU Rice,20MP2,CL111_MP,Clearfield,2,10,392,10,39,check,12.15,87,63.55,9338.36
2020,MP-FOUNDERS,LSU Rice,20MP2,CL111_MP,Clearfield,3,13,534,13,18,check,13.71,89,66.17,10043.13
2020,MP-FOUNDERS,LSU Rice,20MP2,CL111_MP,Clearfield,4,14,567,14,36,check,14.41,88,65.29,9692.2
2020,MP-FOUNDERS,LSU Rice,20MP2,CL153_MP,Clearfield,1,1,71,2,16,check,10.5,89,64.47,11064.21
2020,MP-FOUNDERS,LSU Rice,20MP2,CL153_MP,Clearfield,2,2,49,2,38,check,11.91,88,62.78,10656.88
2020,MP-FOUNDERS,LSU Rice,20MP2,CL153_MP,Clearfield,4,4,106,3,20,check,11.89,88,62.61,10347.06
2020,MP-FOUNDERS,LSU Rice,20MP2,CL153_MP,Clearfield,3,3,149,4,24,check,12.76,89,63.75,11011.21
2020,MP-FOUNDERS,LSU Rice,20MP2,CL153_MP,Clearfield,6,6,216,6,43,check,12.59,90,64.15,10152.3
2020,MP-FOUNDERS,LSU Rice,20MP2,CL153_MP,Clearfield,5,5,249,6,10,check,11.16,89,62.37,10618.47
2020,MP-FOUNDERS,LSU Rice,20MP2,CL153_MP,Clearfield,8,8,272,7,14,check,11.27,89,61.55,11189.66
2020,MP-FOUNDERS,LSU Rice,20MP2,CL153_MP,Clearfield,7,7,305,8,40,check,11.76,90,62.29,9920.51
2020,MP-FOUNDERS,LSU Rice,20MP2,CL153_MP,Clearfield,10,10,366,9,22,check,11.94,89,63.43,9791.55
2020,MP-FOUNDERS,LSU Rice,20MP2,CL153_MP,Clearfield,9,9,416,10,15,check,10.73,89,64.6,10628.99
2020,MP-FOUNDERS,LSU Rice,20MP2,CL153_MP,Clearfield,12,12,440,11,10,check,12.31,90,59.47,10006.26
2020,MP-FOUNDERS,LSU Rice,20MP2,CL153_MP,Clearfield,11,11,471,11,41,check,10.16,90,59.56,10159.23
2020,MP-FOUNDERS,LSU Rice,20MP2,CL153_MP,Clearfield,14,14,561,14,42,check,11.11,89,63.24,9250.33
2020,MP-FOUNDERS,LSU Rice,20MP2,CL153_MP,Clearfield,13,13,582,14,21,check,11.37,89,64.99,10103.15
2020,MP-FOUNDERS,LSU Rice,20MP2,CL172_MP,Clearfield,1,6,226,6,33,check,6.54,90,64.63,10318.09
2020,MP-FOUNDERS,LSU Rice,20MP2,CL172_MP,Clearfield,2,8,259,7,1,check,8.31,90,64.81,8641.85
2020,MP-FOUNDERS,LSU Rice,20MP2,CL172_MP,Clearfield,3,7,310,8,35,check,8.4,90,64.64,9483.63
2020,MP-FOUNDERS,LSU Rice,20MP2,CL172_MP,Clearfield,4,8,335,8,10,check,9.33,90,63.59,9903.76
2020,MP-FOUNDERS,LSU Rice,20MP2,CPRS_MP,Conventional,1,1,1,1,1,check,15.06,90,64.5,8182.1
2020,MP-FOUNDERS,LSU Rice,20MP2,CPRS_MP,Conventional,2,2,23,1,23,check,13.23,90,64.95,8636.39
2020,MP-FOUNDERS,LSU Rice,20MP2,CPRS_MP,Conventional,4,4,95,3,9,check,11.68,89,63.86,7497.18
2020,MP-FOUNDERS,LSU Rice,20MP2,CPRS_MP,Conventional,3,3,128,3,42,check,9.3,89,63.98,7546.12
2020,MP-FOUNDERS,LSU Rice,20MP2,CPRS_MP,Conventional,6,6,200,5,28,check,8.7,90,64.49,8261.8
2020,MP-FOUNDERS,LSU Rice,20MP2,CPRS_MP,Conventional,5,5,238,6,21,check,11.1,90,62.44,8295.5
2020,MP-FOUNDERS,LSU Rice,20MP2,CPRS_MP,Conventional,7,7,283,7,25,check,9.7,89,63.66,8281.28
2020,MP-FOUNDERS,LSU Rice,20MP2,CPRS_MP,Conventional,8,8,338,8,7,check,9.12,89,64.4,8380.45
2020,MP-FOUNDERS,LSU Rice,20MP2,CPRS_MP,Conventional,9,9,355,9,11,check,12.32,89,64.06,8246.14
2020,MP-FOUNDERS,LSU Rice,20MP2,CPRS_MP,Conventional,10,10,405,10,26,check,9.66,89,63.64,7866.58
2020,MP-FOUNDERS,LSU Rice,20MP2,CPRS_MP,Conventional,11,11,460,11,30,check,8.29,90,61.53,8015.23
2020,MP-FOUNDERS,LSU Rice,20MP2,CPRS_MP,Conventional,12,12,516,12,1,check,12.25,90,64.4,8263.73
2020,MP-FOUNDERS,LSU Rice,20MP2,CPRS_MP,Conventional,14,14,572,14,31,check,11.44,90,64.73,7591.43
2020,MP-FOUNDERS,LSU Rice,20MP2,CPRS_MP,Conventional,13,13,594,14,9,check,12.13,89,64.54,6518.56
2020,MP-FOUNDERS,LSU Rice,20MP2,CTHL_MP,Conventional,2,4,99,3,13,check,21.82,87,55.74,7671.05
2020,MP-FOUNDERS,LSU Rice,20MP2,CTHL_MP,Conventional,1,2,39,1,39,check,15.49,89,60.18,7967.24
2020,MP-FOUNDERS,LSU Rice,20MP2,CTHL_MP,Conventional,3,3,111,3,25,check,17.02,87,60.84,9174.08
2020,MP-FOUNDERS,LSU Rice,20MP2,CTHL_MP,Conventional,4,5,176,5,4,check,15.05,88,64.94,8924.21
2020,MP-FOUNDERS,LSU Rice,20MP2,LKST_MP,Conventional,1,1,82,2,5,check,20.48,86,49.31,7105.89
2020,MP-FOUNDERS,LSU Rice,20MP2,LKST_MP,Conventional,2,2,60,2,27,check,16.05,89,55.45,9672.21
2020,MP-FOUNDERS,LSU Rice,20MP2,LKST_MP,Conventional,3,3,138,4,35,check,17.05,89,56.54,9912.55
2020,MP-FOUNDERS,LSU Rice,20MP2,LKST_MP,Conventional,4,4,171,4,2,check,18.08,87,58.42,9477.38
2020,MP-FOUNDERS,LSU Rice,20MP2,LKST_MP,Conventional,5,5,178,5,6,check,20.16,87,54.95,8907.83
2020,MP-FOUNDERS,LSU Rice,20MP2,LKST_MP,Conventional,6,6,227,6,32,check,12.71,89,56.42,10549.68
2020,MP-FOUNDERS,LSU Rice,20MP2,LKST_MP,Conventional,7,7,294,7,36,check,17.47,89,55.66,10276.72
2020,MP-FOUNDERS,LSU Rice,20MP2,LKST_MP,Conventional,8,8,327,8,18,check,17.91,86,57.19,10213.11
2020,MP-FOUNDERS,LSU Rice,20MP2,LKST_MP,Conventional,10,10,377,9,33,check,15.33,87,57.41,10316.85
2020,MP-FOUNDERS,LSU Rice,20MP2,LKST_MP,Conventional,9,9,425,10,6,check,16.04,87,56.71,8686.08
2020,MP-FOUNDERS,LSU Rice,20MP2,LKST_MP,Conventional,11,11,483,12,34,check,17.34,88,54.86,10143.02
2020,MP-FOUNDERS,LSU Rice,20MP2,LKST_MP,Conventional,12,12,504,12,13,check,20.14,89,56.53,8168.15
2020,MP-FOUNDERS,LSU Rice,20MP2,LKST_MP,Conventional,13,13,521,13,5,check,19.66,86,55.24,8759.82
2020,MP-FOUNDERS,LSU Rice,20MP2,LKST_MP,Conventional,14,14,543,13,27,check,17.51,87,57.16,10277.28
2020,MP2_A,LSU Rice,20MP2,MPA_001,Conventional,1,4,100,3,14,test,18.44,90,59.33,8051.42
2020,MP2_A,LSU Rice,20MP2,MPA_018,Conventional,1,1,3,1,3,test,13.85,91,61.18,7429.59
2020,MP2_A,LSU Rice,20MP2,MPA_019,Conventional,1,2,58,2,29,test,12.72,93,66.66,8338.84
2020,MP2_A,LSU Rice,20MP2,MPA_022,Conventional,1,6,205,5,33,test,12.2,84,58.55,7457.9
2020,MP2_A,LSU Rice,20MP2,MPA_023,Conventional,1,2,32,1,32,test,18.23,85,59.28,9102.2
2020,MP2_A,LSU Rice,20MP2,MPA_024,Conventional,1,5,243,6,16,test,13.46,87,60.9,8614.72
2020,MP2_A,LSU Rice,20MP2,MPA_026,Conventional,1,14,555,13,39,test,14.04,90,61.22,8355.44
2020,MP2_A,LSU Rice,20MP2,MPA_027,Conventional,1,11,481,12,36,test,12.93,95,59.85,8211.66
2020,MP2_A,LSU Rice,20MP2,MPA_030,Conventional,1,11,492,12,25,test,14.56,86,57,7524.33
2020,MP2_A,LSU Rice,20MP2,MPA_034,Conventional,1,7,300,7,42,test,13.55,91,60.84,7624.69
2020,MP2_A,LSU Rice,20MP2,MPA_035,Conventional,1,14,542,13,26,test,15,89,64.68,8488.29
2020,MP2_A,LSU Rice,20MP2,MPA_042,Conventional,1,5,247,6,12,test,25.95,85,58.56,10358.79
2020,MP2_A,LSU Rice,20MP2,MPA_044,Conventional,1,9,417,10,14,test,12.76,90,63.54,8453.56
2020,MP2_A,LSU Rice,20MP2,MPA_045,Conventional,1,4,152,4,21,test,14.74,90,61.03,8785.96
2020,MP2_A,LSU Rice,20MP2,MPA_046,Conventional,1,2,65,2,22,test,16.27,92,60.27,9599.19
2020,MP2_A,LSU Rice,20MP2,MPA_048,Conventional,1,13,522,13,6,test,16.01,88,60.35,8583.06
2020,MP2_A,LSU Rice,20MP2,MPA_057,Conventional,1,12,450,11,20,test,9.56,89,56.61,7727.84
2020,MP2_A,LSU Rice,20MP2,MPA_059,Conventional,1,1,17,1,17,test,22.01,87,55.84,8851.4
2020,MP2_A,LSU Rice,20MP2,MPA_063,Conventional,1,14,558,13,42,test,17.79,90,63.5,8084.47
2020,MP2_A,LSU Rice,20MP2,MPA_064,Conventional,1,2,50,2,37,test,,89,,8733.64
2020,MP2_A,LSU Rice,20MP2,MPA_068,Conventional,1,3,143,4,30,test,14.17,94,63.82,8653.02
2020,MP2_A,LSU Rice,20MP2,MPA_071,Conventional,1,7,309,8,36,test,25.24,86,69.33,9603.83
2020,MP2_A,LSU Rice,20MP2,MPA_076,Conventional,1,11,456,11,26,test,11.95,82,54.25,7905.53
2020,MP2_A,LSU Rice,20MP2,MPA_077,Conventional,1,13,587,14,16,test,18.4,93,63.55,6319.33
2020,MP2_A,LSU Rice,20MP2,MPA_080,Conventional,1,9,422,10,9,test,20.46,85,59.54,8681.08
2020,MP2_A,LSU Rice,20MP2,MPA_082,Conventional,1,11,468,11,38,test,21.77,92,57.61,9651.69
2020,MP2_A,LSU Rice,20MP2,MPA_087,Conventional,1,4,102,3,16,test,10.35,95,62.1,7737.93
2020,MP2_A,LSU Rice,20MP2,MPA_089,Conventional,1,14,541,13,25,test,15.26,90,61.42,9370.49
2020,MP2_A,LSU Rice,20MP2,MPA_090,Conventional,1,7,282,7,24,test,13.91,88,58.97,9773.42
2020,MP2_A,LSU Rice,20MP2,MPA_091,Conventional,1,6,235,6,24,test,15.72,90,56.96,8680.78
2020,MP2_A,LSU Rice,20MP2,MPA_092,Conventional,1,9,347,9,3,test,15.84,90,63.82,9646.52
2020,MP2_A,LSU Rice,20MP2,MPA_093,Conventional,1,13,527,13,11,test,17.9,89,56.98,7057.57
2020,MP2_A,LSU Rice,20MP2,MPA_099,Conventional,1,14,547,13,31,test,14.17,91,60.05,9277.02
2020,MP2_A,LSU Rice,20MP2,MPA_104,Conventional,1,7,284,7,26,test,12.77,91,63.78,8867.05
2020,MP2_A,LSU Rice,20MP2,MPA_106,Conventional,1,5,253,6,6,test,14.8,91,60.72,9357.91
2020,MP2_A,LSU Rice,20MP2,MPA_110,Conventional,1,10,401,10,30,test,14.94,93,65.61,8661.51
2020,MP2_A,LSU Rice,20MP2,MPA_111,Conventional,1,6,213,5,41,test,13.04,90,61.41,7878.44
2020,MP2_A,LSU Rice,20MP2,MPA_115,Conventional,1,12,437,11,7,test,11.69,86,57.83,8769.08
2020,MP2_A,LSU Rice,20MP2,MPA_117,Conventional,1,10,381,9,37,test,21.69,90,55.72,8653.68
2020,MP2_A,LSU Rice,20MP2,MPA_118,Conventional,1,11,485,12,32,test,10.95,91,64.29,8113.86
2020,MP2_A,LSU Rice,20MP2,MPA_119,Conventional,1,5,180,5,8,test,16.59,90,64.5,8539.61
2020,MP2_A,LSU Rice,20MP2,MPA_120,Conventional,1,3,133,4,40,test,10.26,93,63.87,8183.41
2020,MP2_A,LSU Rice,20MP2,MPA_121,Conventional,1,4,89,3,3,test,15.48,89,60.44,8053.93
2020,MP2_A,LSU Rice,20MP2,MPA_123,Conventional,1,10,396,10,35,test,12.45,91,63.71,8832.37
2020,MP2_A,LSU Rice,20MP2,MPA_124,Conventional,1,1,8,1,8,test,12.28,87,61.43,8985.1
2020,MP2_A,LSU Rice,20MP2,MPA_125,Conventional,1,14,551,13,35,test,26.47,87,60.73,9452.76
2020,MP2_A,LSU Rice,20MP2,MPA_126,Conventional,1,1,14,1,14,test,12.36,90,60.03,6581.27
2020,MP2_A,LSU Rice,20MP2,MPA_127,Conventional,1,11,466,11,36,test,14.76,92,59.96,8307.45
2020,MP2_A,LSU Rice,20MP2,MPA_128,Conventional,1,3,124,3,38,test,21.36,86,60.71,8518.95
2020,MP2_A,LSU Rice,20MP2,MPA_132,Conventional,1,7,304,8,41,test,17.83,93,59.16,8472.55
2020,MP2_A,LSU Rice,20MP2,MPA_133,Conventional,1,8,270,7,12,test,19.9,88,58.79,8969.98
2020,MP2_A,LSU Rice,20MP2,MPA_136,Het,1,10,382,9,38,test,12.26,91,63.34,9580.76
2020,MP2_A,LSU Rice,20MP2,MPA_138,Het,1,4,161,4,12,test,14.99,95,63.54,8055.12
2020,MP2_A,LSU Rice,20MP2,MPA_142,Het,1,3,134,4,39,test,13.15,90,61.6,8950.87
2020,MP2_A,LSU Rice,20MP2,MPA_143,Het,1,12,509,12,8,test,17.76,92,61.78,9859.21
2020,MP2_A,LSU Rice,20MP2,MPA_145,Het,1,4,105,3,19,test,14.83,88,63.78,8603.07
2020,MP2_A,LSU Rice,20MP2,MPA_150,Het,1,8,260,7,2,test,15.59,90,61.04,9633.89
2020,MP2_A,LSU Rice,20MP2,MPA_155,Het,1,7,306,8,39,test,15.85,88,62.36,9628.81
2020,MP2_A,LSU Rice,20MP2,MPA_159,Het,1,12,438,11,8,test,14.06,93,60.52,9861.39
2020,MP2_A,LSU Rice,20MP2,MPA_163,Het,1,10,388,10,43,test,12.18,92,62.11,8424.48
2020,MP2_A,LSU Rice,20MP2,MPA_166,Het,1,8,262,7,4,test,12.71,88,64.23,10197.16
2020,MP2_A,LSU Rice,20MP2,MPA_167,Het,1,12,512,12,5,test,19.88,90,59.51,8997.26
2020,MP2_A,LSU Rice,20MP2,MPA_169,Het,1,11,454,11,24,test,10.05,92,58.83,9125.46
2020,MP2_A,LSU Rice,20MP2,MPA_170,Het,1,12,436,11,6,test,6.79,88,63.77,8957.63
2020,MP2_A,LSU Rice,20MP2,MPA_173,Het,1,10,376,9,32,test,17.58,88,60.86,9829.24
2020,MP2_A,LSU Rice,20MP2,MPA_174,Het,1,12,451,11,21,test,11.34,87,54.47,9534.97
2020,MP2_A,LSU Rice,20MP2,MPA_176,Het,1,14,552,13,36,test,18.05,90,61.15,9525.01
2020,MP2_A,LSU Rice,20MP2,MPA_177,Het,1,4,107,3,21,test,9.77,90,62.67,8274.09
2020,MP2_A,LSU Rice,20MP2,MPA_179,Het,1,3,113,3,27,test,11.31,90,62.07,9827.24
2020,MP2_A,LSU Rice,20MP2,MPA_180,Het,1,7,295,7,37,test,26.85,90,60.33,9698.07
2020,MP2_A,LSU Rice,20MP2,MPA_181,Het,1,3,151,4,22,test,19.51,90,63.2,10032.13
2020,MP2_A,LSU Rice,20MP2,MPA_183,Het,1,6,222,6,37,test,12.24,88,60.23,8820.05
2020,MP2_A,LSU Rice,20MP2,MPA_186,Het,1,14,560,14,43,test,13.85,89,64.05,8408.04
2020,MP2_A,LSU Rice,20MP2,MPA_190,Het,1,7,281,7,23,test,8.9,93,62.4,7394.85
2020,MP2_A,LSU Rice,20MP2,MPA_192,Het,1,6,236,6,23,test,9.45,94,64.54,7432.58
2020,MP2_A,LSU Rice,20MP2,MPA_194,Het,1,5,245,6,14,test,10.5,87,61.01,9659.56
2020,MP2_A,LSU Rice,20MP2,MPA_198,Het,1,12,514,12,3,test,15.07,90,65.64,9568.96
2020,MP2_A,LSU Rice,20MP2,MPA_199,Het,1,5,239,6,20,test,10.81,92,63.64,9091.13
2020,MP2_A,LSU Rice,20MP2,MPA_209,Het,1,1,18,1,18,test,13.8,89,63.56,9160.38
2020,MP2_A,LSU Rice,20MP2,MPA_211,Het,1,6,197,5,25,test,8.51,90,62.87,9054.41
2020,MP2_A,LSU Rice,20MP2,MPA_212,Clearfield,1,7,299,7,41,test,23.63,91,56.17,9443.1
2020,MP2_A,LSU Rice,20MP2,MPA_215,Clearfield,1,6,229,6,30,test,11.85,91,62.82,9222.31
2020,MP2_A,LSU Rice,20MP2,MPA_216,Clearfield,1,9,423,10,8,test,12.43,91,62.46,9871.77
2020,MP2_A,LSU Rice,20MP2,MPA_217,Clearfield,1,9,426,10,5,test,10.37,86,56.85,8381.12
2020,MP2_A,LSU Rice,20MP2,MPA_219,Clearfield,1,4,87,3,1,test,15.14,93,61.72,8988.3
2020,MP2_A,LSU Rice,20MP2,MPA_220,Clearfield,1,6,223,6,36,test,8.85,88,60.17,9595.95
2020,MP2_A,LSU Rice,20MP2,MPA_223,Clearfield,1,11,465,11,35,test,12.73,93,58.18,9006.95
2020,MP2_A,LSU Rice,20MP2,MPA_224,Clearfield,1,7,319,8,26,test,15.59,91,62.18,9287.42
2020,MP2_A,LSU Rice,20MP2,MPA_227,Clearfield,1,9,345,9,1,test,11.58,89,60.35,9549.46
2020,MP2_A,LSU Rice,20MP2,MPA_230,Clearfield,1,1,2,1,2,test,10.21,87,61.2,9122.55
2020,MP2_A,LSU Rice,20MP2,MPA_231,Clearfield,1,12,498,12,19,test,11.53,88,62.25,9706.72
2020,MP2_A,LSU Rice,20MP2,MPA_236,Clearfield,1,2,26,1,26,test,12.38,87,61.44,10071.48
2020,MP2_A,LSU Rice,20MP2,MPA_238,Clearfield,1,9,361,9,17,test,9,89,63.63,9909.39
2020,MP2_A,LSU Rice,20MP2,MPA_241,Clearfield,1,14,578,14,25,test,12.4,85,64.02,9020.6
2020,MP2_A,LSU Rice,20MP2,MPA_242,Clearfield,1,7,297,7,39,test,7.42,91,63.23,7643.98
2020,MP2_A,LSU Rice,20MP2,MPA_248,Clearfield,1,6,206,5,34,test,10.59,86,60.72,9741.85
2020,MP2_A,LSU Rice,20MP2,MPA_250,Clearfield,1,13,600,14,3,test,13.98,92,66.79,8514.67
2020,MP2_A,LSU Rice,20MP2,MPA_251,Clearfield,1,1,86,2,1,test,14.45,86,58.11,9531.75
2020,MP2_A,LSU Rice,20MP2,MPA_253,Clearfield,1,10,367,9,23,test,8.6,89,62.02,9411.38
2020,MP2_A,LSU Rice,20MP2,MPA_256,Clearfield,1,2,29,1,29,test,,90,62.97,8755.27
2020,MP2_A,LSU Rice,20MP2,MPA_257,Clearfield,1,1,79,2,8,test,18.19,90,60.65,9984.99
2020,MP2_A,LSU Rice,20MP2,MPA_259,Clearfield,1,3,136,4,37,test,12.63,93,64.16,8321.75
2020,MP2_A,LSU Rice,20MP2,MPA_260,Clearfield,1,5,250,6,9,test,17.32,86,61.23,8883.99
2020,MP2_A,LSU Rice,20MP2,MPA_262,Clearfield,1,3,140,4,33,test,10.53,91,60.91,9077.03
2020,MP2_A,LSU Rice,20MP2,MPA_264,Clearfield,1,11,474,12,43,test,14.6,91,60.79,8946.35
2020,MP2_A,LSU Rice,20MP2,MPA_266,Clearfield,1,14,557,13,41,test,12.29,92,64.88,8163.39
2020,MP2_A,LSU Rice,20MP2,MPA_267,Clearfield,1,6,233,6,26,test,11.04,91,62.07,9184.28
2020,MP2_A,LSU Rice,20MP2,MPA_268,Clearfield,1,2,22,1,22,test,21.44,91,61.21,8828.35
2020,MP2_A,LSU Rice,20MP2,MPA_269,Clearfield,1,5,190,5,18,test,12.44,89,62.31,9898.03
2020,MP2_A,LSU Rice,20MP2,MPA_270,Clearfield,1,14,571,14,32,test,9.3,93,65.36,7646.82
2020,MP2_A,LSU Rice,20MP2,MPA_272,Clearfield,1,12,496,12,21,test,13.07,91,61.34,9087.24
2020,MP2_A,LSU Rice,20MP2,MPA_273,Clearfield,1,12,506,12,11,test,6.98,95,63.55,7637.08
2020,MP2_A,LSU Rice,20MP2,MPA_274,Clearfield,1,5,191,5,19,test,18.13,90,63.06,9640.26
2020,MP2_A,LSU Rice,20MP2,MPA_275,Clearfield,1,5,252,6,7,test,18.54,95,60.6,8300.8
2020,MP2_A,LSU Rice,20MP2,MPA_277,Clearfield,1,9,358,9,14,test,7.18,85,60.48,10487.98
2020,MP2_A,LSU Rice,20MP2,MPA_279,Clearfield,1,5,175,5,3,test,13.46,89,63.59,10198.78
2020,MP2_A,LSU Rice,20MP2,MPA_281,Clearfield,1,13,531,13,15,test,10.89,91,64.44,8877.57
2020,MP2_A,LSU Rice,20MP2,MPA_282,Clearfield,1,3,148,4,25,test,11.62,89,62.11,9417.87
2020,MP2_A,LSU Rice,20MP2,MPA_283,Clearfield,1,7,313,8,32,test,6.06,95,66.36,7736.41
2020,MP2_A,LSU Rice,20MP2,MPA_285,Clearfield,1,6,196,5,24,test,9.6,92,66.46,7780.42
2020,MP2_A,LSU Rice,20MP2,MPA_286,Clearfield,1,4,158,4,15,test,11.68,93,65.3,7518.39
2020,MP2_A,LSU Rice,20MP2,MPA_288,Clearfield,1,12,434,11,4,test,13.46,90,59.87,10113.81
2020,MP2_A,LSU Rice,20MP2,MPA_291,Clearfield,1,13,599,14,4,test,16.25,89,62.73,9607.21
2020,MP2_A,LSU Rice,20MP2,MPA_292,Clearfield,1,8,268,7,10,test,8.55,91,63.04,8356.86
2020,MP2_A,LSU Rice,20MP2,MPA_295,Clearfield,1,13,535,13,19,test,5.24,89,66.97,9991.43
2020,MP2_A,LSU Rice,20MP2,MPA_296,Clearfield,1,11,489,12,28,test,9.66,92,63.13,9172.51
2020,MP2_A,LSU Rice,20MP2,MPA_297,Clearfield,1,5,184,5,12,test,13.31,91,62.69,9851.44
2020,MP2_A,LSU Rice,20MP2,MPA_298,Clearfield,1,1,21,1,21,test,10.12,88,64.4,8791.68
2020,MP2_A,LSU Rice,20MP2,MPA_299,Clearfield,1,7,285,7,27,test,8.47,90,62.23,9642.15
2020,MP2_A,LSU Rice,20MP2,MPA_300,Clearfield,1,10,378,9,34,test,9.44,88,64.02,9788.45
2020,MP2_B,LSU Rice,20MP2,MPB_002,Conventional,1,7,320,8,25,test,15.64,89,58.94,9044.75
2020,MP2_B,LSU Rice,20MP2,MPB_002,Conventional,2,14,577,14,26,test,13.96,89,61.38,8386.4
2020,MP2_B,LSU Rice,20MP2,MPB_009,Conventional,1,11,472,11,42,test,16.21,89,56.35,8564.57
2020,MP2_B,LSU Rice,20MP2,MPB_009,Conventional,2,3,135,4,38,test,18.12,88,59.61,8305.58
2020,MP2_B,LSU Rice,20MP2,MPB_012,Conventional,1,11,477,12,40,test,8.23,89,56.76,10129.56
2020,MP2_B,LSU Rice,20MP2,MPB_012,Conventional,2,14,556,13,40,test,11.86,87,60.19,9884.98
2020,MP2_B,LSU Rice,20MP2,MPB_013,Conventional,1,10,390,10,41,test,18.55,88,55.26,9556.1
2020,MP2_B,LSU Rice,20MP2,MPB_013,Conventional,2,7,289,7,31,test,16.92,88,53.7,9512.65
2020,MP2_B,LSU Rice,20MP2,MPB_020,Conventional,1,1,73,2,14,test,16.79,86,54.44,8822.7
2020,MP2_B,LSU Rice,20MP2,MPB_020,Conventional,2,7,322,8,23,test,15.81,86,57.24,9163.79
2020,MP2_B,LSU Rice,20MP2,MPB_022,Conventional,1,11,457,11,27,test,15.6,92,58.44,8505.99
2020,MP2_B,LSU Rice,20MP2,MPB_022,Conventional,2,6,202,5,30,test,17.98,90,59.19,9635.93
2020,MP2_B,LSU Rice,20MP2,MPB_026,Conventional,1,12,513,12,4,test,21.4,86,59.42,8896.82
2020,MP2_B,LSU Rice,20MP2,MPB_026,Conventional,2,4,159,4,14,test,22.2,86,56.31,9042.65
2020,MP2_B,LSU Rice,20MP2,MPB_028,Conventional,1,10,371,9,27,test,11.57,89,59.66,6642.91
2020,MP2_B,LSU Rice,20MP2,MPB_028,Conventional,2,13,596,14,7,test,12.94,88,58.35,4497.41
2020,MP2_B,LSU Rice,20MP2,MPB_033,Conventional,1,1,68,2,19,test,18.7,87,57.62,10797.91
2020,MP2_B,LSU Rice,20MP2,MPB_033,Conventional,2,10,403,10,28,test,16.49,87,58.8,10790.54
2020,MP2_B,LSU Rice,20MP2,MPB_039,Conventional,1,2,42,1,42,test,18.77,88,58,7414.82
2020,MP2_B,LSU Rice,20MP2,MPB_039,Conventional,2,6,224,6,35,test,17.62,91,56.07,6882.66
2020,MP2_B,LSU Rice,20MP2,MPB_041,Conventional,1,8,265,7,7,test,18.83,86,56.51,8318.37
2020,MP2_B,LSU Rice,20MP2,MPB_041,Conventional,2,7,287,7,29,test,17.85,87,56.87,8280.25
2020,MP2_B,LSU Rice,20MP2,MPB_045,Conventional,1,3,147,4,26,test,5.72,92,60.4,9095.63
2020,MP2_B,LSU Rice,20MP2,MPB_045,Conventional,2,1,10,1,10,test,9.92,88,58.16,7606.12
2020,MP2_B,LSU Rice,20MP2,MPB_046,Conventional,1,3,127,3,41,test,19.35,89,56.6,8284.47
2020,MP2_B,LSU Rice,20MP2,MPB_046,Conventional,2,4,94,3,8,test,17.48,90,58.52,9200.43
2020,MP2_B,LSU Rice,20MP2,MPB_047,Conventional,1,3,141,4,32,test,14.39,84,61.74,9111.04
2020,MP2_B,LSU Rice,20MP2,MPB_047,Conventional,2,13,595,14,8,test,16.18,83,61.48,6631.47
2020,MP2_B,LSU Rice,20MP2,MPB_048,Conventional,1,1,15,1,15,test,20.31,86,52.97,8766.7
2020,MP2_B,LSU Rice,20MP2,MPB_048,Conventional,2,5,241,6,18,test,17.45,86,53.43,7987.31
2020,MP2_B,LSU Rice,20MP2,MPB_051,Conventional,1,14,538,13,22,test,21.69,87,59.58,9810.94
2020,MP2_B,LSU Rice,20MP2,MPB_051,Conventional,2,8,279,7,21,test,20.07,87,55.22,9015.23
2020,MP2_B,LSU Rice,20MP2,MPB_053,Conventional,1,5,258,6,1,test,19.98,86,58.46,9078.36
2020,MP2_B,LSU Rice,20MP2,MPB_053,Conventional,2,2,53,2,34,test,16.8,88,58.45,9579.37
2020,MP2_B,LSU Rice,20MP2,MPB_056,Conventional,1,8,325,8,20,test,19.1,85,53.79,9447.35
2020,MP2_B,LSU Rice,20MP2,MPB_056,Conventional,2,2,35,1,35,test,16.14,88,58.48,9102.11
2020,MP2_B,LSU Rice,20MP2,MPB_061,Conventional,1,5,188,5,16,test,14.25,88,58.63,8542.75
2020,MP2_B,LSU Rice,20MP2,MPB_061,Conventional,2,3,130,4,43,test,14.48,89,58.29,7283.98
2020,MP2_B,LSU Rice,20MP2,MPB_062,Conventional,1,8,278,7,20,test,20.85,89,54.83,10228.71
2020,MP2_B,LSU Rice,20MP2,MPB_062,Conventional,2,11,463,11,33,test,17.57,90,54.59,10164.35
2020,MP2_B,LSU Rice,20MP2,MPB_065,Conventional,1,3,123,3,37,test,15,84,61.78,9110.12
2020,MP2_B,LSU Rice,20MP2,MPB_065,Conventional,2,1,84,2,3,test,15.47,84,62.47,8755.57
2020,MP2_B,LSU Rice,20MP2,MPB_066,Conventional,1,5,242,6,17,test,22.58,86,58.34,10012.4
2020,MP2_B,LSU Rice,20MP2,MPB_066,Conventional,2,5,255,6,4,test,20.63,87,58.36,8907.45
2020,MP2_B,LSU Rice,20MP2,MPB_068,Conventional,1,1,81,2,6,test,16.85,86,53.77,8405.31
2020,MP2_B,LSU Rice,20MP2,MPB_068,Conventional,2,4,90,3,4,test,15.55,87,52.89,7981.73
2020,MP2_B,LSU Rice,20MP2,MPB_077,Conventional,1,13,529,13,13,test,10.9,92,63.42,7863.25
2020,MP2_B,LSU Rice,20MP2,MPB_077,Conventional,2,13,602,14,1,test,10.89,92,63.44,7390.29
2020,MP2_B,LSU Rice,20MP2,MPB_079,Conventional,1,2,56,2,31,test,15.28,85,61.01,9260.38
2020,MP2_B,LSU Rice,20MP2,MPB_079,Conventional,2,8,337,8,8,test,16.87,84,60.95,10389.95
2020,MP2_B,LSU Rice,20MP2,MPB_081,Conventional,1,13,528,13,12,test,17.35,92,62.46,6986.27
2020,MP2_B,LSU Rice,20MP2,MPB_081,Conventional,2,1,80,2,7,test,15.7,93,61.78,6893.44
2020,MP2_B,LSU Rice,20MP2,MPB_083,Conventional,1,9,420,10,11,test,14.57,89,62.2,9524.69
2020,MP2_B,LSU Rice,20MP2,MPB_083,Conventional,2,5,181,5,9,test,16.36,89,60.62,8535.88
2020,MP2_B,LSU Rice,20MP2,MPB_085,Conventional,1,14,574,14,29,test,13.54,89,64.25,8508.03
2020,MP2_B,LSU Rice,20MP2,MPB_085,Conventional,2,12,503,12,14,test,13,90,55.12,7390.86
2020,MP2_B,LSU Rice,20MP2,MPB_086,Conventional,1,9,421,10,10,test,15.46,85,63.21,7262.07
2020,MP2_B,LSU Rice,20MP2,MPB_086,Conventional,2,12,515,12,2,test,18.18,86,62.09,7763.75
2020,MP2_B,LSU Rice,20MP2,MPB_088,Conventional,1,6,217,6,42,test,18.51,84,59.13,9618.57
2020,MP2_B,LSU Rice,20MP2,MPB_088,Conventional,2,10,409,10,22,test,15.69,84,60.42,9363.92
2020,MP2_B,LSU Rice,20MP2,MPB_097,Het,1,11,478,12,39,test,11.52,90,61.92,8816.12
2020,MP2_B,LSU Rice,20MP2,MPB_097,Het,2,12,447,11,17,test,13.62,90,59.37,9811.94
2020,MP2_B,LSU Rice,20MP2,MPB_105,Het,1,8,339,8,6,test,10.93,91,63.86,9764.9
2020,MP2_B,LSU Rice,20MP2,MPB_105,Het,2,9,413,10,18,test,11.05,90,63.66,9197.82
2020,MP2_B,LSU Rice,20MP2,MPB_107,Het,1,4,165,4,8,test,16.92,91,63.11,8718.59
2020,MP2_B,LSU Rice,20MP2,MPB_107,Het,2,5,248,6,11,test,12.78,92,59.64,8763.87
2020,MP2_B,LSU Rice,20MP2,MPB_112,Het,1,9,427,10,4,test,22,87,56.92,10244.86
2020,MP2_B,LSU Rice,20MP2,MPB_112,Het,2,11,459,11,29,test,18.22,89,52.69,9527.45
2020,MP2_B,LSU Rice,20MP2,MPB_113,Het,1,7,291,7,33,test,17.41,88,59.19,10200.76
2020,MP2_B,LSU Rice,20MP2,MPB_113,Het,2,13,590,14,13,test,19.7,88,57.98,9346.1
2020,MP2_B,LSU Rice,20MP2,MPB_117,Het,1,6,212,5,40,test,12.69,89,62.77,8214.1
2020,MP2_B,LSU Rice,20MP2,MPB_117,Het,2,12,499,12,18,test,12.49,90,62.5,8466.58
2020,MP2_B,LSU Rice,20MP2,MPB_118,Het,1,9,365,9,21,test,11.72,85,63.96,9091.66
2020,MP2_B,LSU Rice,20MP2,MPB_118,Het,2,6,203,5,31,test,11.68,88,62.76,9408.46
2020,MP2_B,LSU Rice,20MP2,MPB_119,Het,1,10,393,10,38,test,12.84,88,60.31,9572.98
2020,MP2_B,LSU Rice,20MP2,MPB_119,Het,2,7,315,8,30,test,11.76,89,58.08,8830.69
2020,MP2_B,LSU Rice,20MP2,MPB_126,Het,1,5,173,5,1,test,14.66,90,64.26,7525.82
2020,MP2_B,LSU Rice,20MP2,MPB_126,Het,2,8,277,7,19,test,17.1,89,61.56,8354.54
2020,MP2_B,LSU Rice,20MP2,MPB_131,Het,1,2,28,1,28,test,10.93,89,61.52,8973.42
2020,MP2_B,LSU Rice,20MP2,MPB_131,Het,2,14,579,14,24,test,17.4,90,63.49,8116.14
2020,MP2_B,LSU Rice,20MP2,MPB_132,Het,1,2,51,2,36,test,15.35,88,63.11,9540.21
2020,MP2_B,LSU Rice,20MP2,MPB_132,Het,2,10,408,10,23,test,13.92,88,63.08,8061.31
2020,MP2_B,LSU Rice,20MP2,MPB_134,Het,1,13,591,14,12,test,14.21,91,61.66,7278.55
2020,MP2_B,LSU Rice,20MP2,MPB_134,Het,2,7,317,8,28,test,15.49,89,61.34,8354.88
2020,MP2_B,LSU Rice,20MP2,MPB_136,Het,1,1,75,2,12,test,20.14,83,52.93,9319.04
2020,MP2_B,LSU Rice,20MP2,MPB_136,Het,2,4,169,4,4,test,18.58,83,60.42,10105.26
2020,MP2_B,LSU Rice,20MP2,MPB_141,Het,1,11,479,12,38,test,9.81,88,57.56,10099.3
2020,MP2_B,LSU Rice,20MP2,MPB_141,Het,2,14,569,14,34,test,11.29,88,63.32,9299.82
2020,MP2_B,LSU Rice,20MP2,MPB_145,Het,1,8,330,8,15,test,16.63,90,61.49,8577.42
2020,MP2_B,LSU Rice,20MP2,MPB_145,Het,2,10,391,10,40,test,13.76,89,63.2,8652.7
2020,MP2_B,LSU Rice,20MP2,MPB_151,Het,1,2,61,2,26,test,19.19,86,62.35,10416.4
2020,MP2_B,LSU Rice,20MP2,MPB_151,Het,2,6,201,5,29,test,19.3,86,61.13,9670.11
2020,MP2_B,LSU Rice,20MP2,MPB_152,Het,1,8,332,8,13,test,8.58,83,60.17,9295.1
2020,MP2_B,LSU Rice,20MP2,MPB_152,Het,2,9,363,9,19,test,9.53,84,58.48,10069.87
2020,MP2_B,LSU Rice,20MP2,MPB_153,Het,1,3,120,3,34,test,13.1,88,62.12,9095.61
2020,MP2_B,LSU Rice,20MP2,MPB_153,Het,2,14,575,14,28,test,12.97,88,62.02,8679.39
2020,MP2_B,LSU Rice,20MP2,MPB_156,Het,1,1,77,2,10,test,16.32,90,59.56,7958.38
2020,MP2_B,LSU Rice,20MP2,MPB_156,Het,2,7,286,7,28,test,13.16,90,60.27,8894.46
2020,MP2_B,LSU Rice,20MP2,MPB_165,Het,1,1,6,1,6,test,18.94,85,62.22,9791.63
2020,MP2_B,LSU Rice,20MP2,MPB_165,Het,2,5,246,6,13,test,18.4,85,59.32,9992.48
2020,MP2_B,LSU Rice,20MP2,MPB_166,Het,1,5,186,5,14,test,9.01,90,59.94,9837.06
2020,MP2_B,LSU Rice,20MP2,MPB_166,Het,2,8,329,8,16,test,9.13,89,61.16,10245.69
2020,MP2_B,LSU Rice,20MP2,MPB_167,Het,1,3,112,3,26,test,19.44,86,60.49,8742.22
2020,MP2_B,LSU Rice,20MP2,MPB_167,Het,2,13,592,14,11,test,24.12,87,62.61,8880.38
2020,MP2_B,LSU Rice,20MP2,MPB_168,Clearfield,1,9,428,10,3,test,20.04,90,62.36,10450.83
2020,MP2_B,LSU Rice,20MP2,MPB_168,Clearfield,2,11,461,11,31,test,17.28,91,60.08,9530.32
2020,MP2_B,LSU Rice,20MP2,MPB_169,Clearfield,1,12,441,11,11,test,15.24,90,54.97,9473.97
2020,MP2_B,LSU Rice,20MP2,MPB_169,Clearfield,2,2,64,2,23,test,16.27,89,61.38,9770.82
2020,MP2_B,LSU Rice,20MP2,MPB_172,Clearfield,1,2,46,2,41,test,12.62,90,62.04,9367.3
2020,MP2_B,LSU Rice,20MP2,MPB_172,Clearfield,2,12,431,11,1,test,17.36,92,61.14,8983.19
2020,MP2_B,LSU Rice,20MP2,MPB_174,Clearfield,1,2,27,1,27,test,18.43,88,61.15,8979.74
2020,MP2_B,LSU Rice,20MP2,MPB_174,Clearfield,2,7,312,8,33,test,18.53,87,62.05,9072.39
2020,MP2_B,LSU Rice,20MP2,MPB_182,Clearfield,1,4,91,3,5,test,21.98,86,56.66,7598.88
2020,MP2_B,LSU Rice,20MP2,MPB_182,Clearfield,2,6,194,5,22,test,18.57,88,61.81,8800.46
2020,MP2_B,LSU Rice,20MP2,MPB_183,Clearfield,1,6,215,5,43,test,16.32,90,61.3,8651.75
2020,MP2_B,LSU Rice,20MP2,MPB_183,Clearfield,2,10,395,10,36,test,16.73,88,62,9903.3
2020,MP2_B,LSU Rice,20MP2,MPB_184,Clearfield,1,5,256,6,3,test,10.38,84,58.68,10335.71
2020,MP2_B,LSU Rice,20MP2,MPB_184,Clearfield,2,5,240,6,19,test,11.38,84,59.94,10704.86
2020,MP2_B,LSU Rice,20MP2,MPB_185,Clearfield,1,10,399,10,32,test,10.04,93,61.41,7575.63
2020,MP2_B,LSU Rice,20MP2,MPB_185,Clearfield,2,6,208,5,36,test,13.58,93,63.09,8208.73
2020,MP2_B,LSU Rice,20MP2,MPB_186,Clearfield,1,2,36,1,36,test,17.17,92,63.24,9449.69
2020,MP2_B,LSU Rice,20MP2,MPB_186,Clearfield,2,11,475,12,42,test,15.7,89,56.8,8996.84
2020,MP2_B,LSU Rice,20MP2,MPB_189,Clearfield,1,7,301,7,43,test,18.65,87,60.72,8340.61
2020,MP2_B,LSU Rice,20MP2,MPB_189,Clearfield,2,4,162,4,11,test,16.58,86,58.88,8611.56
2020,MP2_B,LSU Rice,20MP2,MPB_190,Clearfield,1,4,92,3,6,test,20.79,88,61,8770.35
2020,MP2_B,LSU Rice,20MP2,MPB_190,Clearfield,2,13,586,14,17,test,22.89,89,64.91,8321.92
2020,MP2_B,LSU Rice,20MP2,MPB_191,Clearfield,1,5,193,5,21,test,12.23,89,59.06,9977.98
2020,MP2_B,LSU Rice,20MP2,MPB_191,Clearfield,2,7,307,8,38,test,11.78,87,59.64,10136.62
2020,MP2_B,LSU Rice,20MP2,MPB_193,Clearfield,1,2,24,1,24,test,16.32,88,56.18,9853.72
2020,MP2_B,LSU Rice,20MP2,MPB_193,Clearfield,2,14,563,14,40,test,18.41,90,60.04,9360.3
2020,MP2_B,LSU Rice,20MP2,MPB_199,Clearfield,1,12,433,11,3,test,10.31,91,63.61,8843.84
2020,MP2_B,LSU Rice,20MP2,MPB_199,Clearfield,2,12,511,12,6,test,13.11,91,61.69,8767.04
2020,MP2_B,LSU Rice,20MP2,MPB_203,Clearfield,1,9,411,10,20,test,18.5,87,58.66,9766.6
2020,MP2_B,LSU Rice,20MP2,MPB_203,Clearfield,2,7,303,8,42,test,22.43,88,58.24,9485.35
2020,MP2_B,LSU Rice,20MP2,MPB_204,Clearfield,1,3,108,3,22,test,19.43,85,56.72,10618.05
2020,MP2_B,LSU Rice,20MP2,MPB_204,Clearfield,2,4,172,4,1,test,17.49,85,56.86,10664.8
2020,MP2_B,LSU Rice,20MP2,MPB_205,Clearfield,1,7,314,8,31,test,13.13,87,62.03,9064.15
2020,MP2_B,LSU Rice,20MP2,MPB_205,Clearfield,2,9,356,9,12,test,11.09,87,61.98,9554.73
2020,MP2_B,LSU Rice,20MP2,MPB_209,Clearfield,1,10,372,9,28,test,24.07,86,58.32,8755.47
2020,MP2_B,LSU Rice,20MP2,MPB_209,Clearfield,2,8,267,7,9,test,25.46,84,59.66,8633.39
2020,MP2_B,LSU Rice,20MP2,MPB_210,Clearfield,1,2,52,2,35,test,16.43,86,60.8,9067.99
2020,MP2_B,LSU Rice,20MP2,MPB_210,Clearfield,2,2,41,1,41,test,16.91,85,60.39,8944.57
2020,MP2_B,LSU Rice,20MP2,MPB_211,Clearfield,1,14,540,13,24,test,20.58,89,62.82,8787.55
2020,MP2_B,LSU Rice,20MP2,MPB_211,Clearfield,2,10,404,10,27,test,15.4,90,63.55,8361.32
2020,MP2_B,LSU Rice,20MP2,MPB_213,Clearfield,1,2,45,2,42,test,11.57,88,58.67,8774.53
2020,MP2_B,LSU Rice,20MP2,MPB_213,Clearfield,2,14,581,14,22,test,16.06,88,61.32,8543.59
2020,MP2_B,LSU Rice,20MP2,MPB_222,Clearfield,1,4,101,3,15,test,18.45,88,63.41,9009.42
2020,MP2_B,LSU Rice,20MP2,MPB_222,Clearfield,2,1,66,2,21,test,16.93,88,62.41,9839.22
2020,MP2_B,LSU Rice,20MP2,MPB_231,Clearfield,1,13,525,13,9,test,15.75,89,60.25,7885.35
2020,MP2_B,LSU Rice,20MP2,MPB_231,Clearfield,2,9,359,9,15,test,16.38,88,61.29,8657.75
2020,MP2_B,LSU Rice,20MP2,MPB_236,Clearfield,1,11,484,12,33,test,15.56,89,62.41,9974.68
2020,MP2_B,LSU Rice,20MP2,MPB_236,Clearfield,2,10,398,10,33,test,18.83,90,60.52,9855.24
2020,MP2_B,LSU Rice,20MP2,MPB_242,Clearfield,1,5,185,5,13,test,16.39,85,58.84,8977.67
2020,MP2_B,LSU Rice,20MP2,MPB_242,Clearfield,2,6,230,6,29,test,14.31,82,55.95,9471.69
2020,MP2_B,LSU Rice,20MP2,MPB_243,Clearfield,1,13,601,14,2,test,14.13,92,63.17,7257.62
2020,MP2_B,LSU Rice,20MP2,MPB_243,Clearfield,2,1,4,1,4,test,14.92,90,63,8447.56
2020,MP2_B,LSU Rice,20MP2,MPB_244,Clearfield,1,6,220,6,39,test,13.14,92,64.35,8456.71
2020,MP2_B,LSU Rice,20MP2,MPB_244,Clearfield,2,2,44,2,43,test,13.24,91,64.86,8061.88
2020,MP2_B,LSU Rice,20MP2,MPB_245,Clearfield,1,4,97,3,11,test,14.8,89,64.34,8764.42
2020,MP2_B,LSU Rice,20MP2,MPB_245,Clearfield,2,9,419,10,12,test,13.98,88,64.92,8567
2020,MP2_B,LSU Rice,20MP2,MPB_246,Clearfield,1,1,83,2,4,test,16.47,85,62.46,10449.58
2020,MP2_B,LSU Rice,20MP2,MPB_246,Clearfield,2,9,354,9,10,test,15.43,84,63.96,10821.28
2020,MP2_B,LSU Rice,20MP2,MPB_253,Clearfield,1,14,545,13,29,test,17.01,90,57.32,9336.07
2020,MP2_B,LSU Rice,20MP2,MPB_253,Clearfield,2,2,37,1,37,test,,89,,9416.79
2020,MP2_B,LSU Rice,20MP2,MPB_257,Clearfield,1,11,452,11,22,test,13.94,88,59.94,10012.66
2020,MP2_B,LSU Rice,20MP2,MPB_257,Clearfield,2,10,400,10,31,test,13,89,62.43,9857.67
2020,MP2_B,LSU Rice,20MP2,MPB_260,Clearfield,1,7,318,8,27,test,9.99,89,61.56,9401.21
2020,MP2_B,LSU Rice,20MP2,MPB_260,Clearfield,2,12,445,11,15,test,11.15,89,59.32,9110.06
2020,MP2_B,LSU Rice,20MP2,MPB_261,Clearfield,1,14,553,13,37,test,15.57,89,58.57,10209.75
2020,MP2_B,LSU Rice,20MP2,MPB_261,Clearfield,2,4,155,4,18,test,13.21,89,57.94,10261.86
2020,MP2_B,LSU Rice,20MP2,MPB_262,Clearfield,1,5,187,5,15,test,15.79,90,64.33,9924.15
2020,MP2_B,LSU Rice,20MP2,MPB_262,Clearfield,2,10,389,10,42,test,13.35,88,60.94,9377.9
2020,MP2_B,LSU Rice,20MP2,MPB_270,Clearfield,1,2,33,1,33,test,17.82,90,62.79,10781.59
2020,MP2_B,LSU Rice,20MP2,MPB_270,Clearfield,2,11,493,12,24,test,18.83,90,61.11,10003
2020,MP2_B,LSU Rice,20MP2,MPB_271,Clearfield,1,7,302,8,43,test,21.2,87,58.12,10152.95
2020,MP2_B,LSU Rice,20MP2,MPB_271,Clearfield,2,4,96,3,10,test,18.71,87,58.45,10464.97
2020,MP2_B,LSU Rice,20MP2,MPB_272,Clearfield,1,12,501,12,16,test,18.32,89,59.01,9174.51
2020,MP2_B,LSU Rice,20MP2,MPB_272,Clearfield,2,1,78,2,9,test,17.32,89,57.16,8652.7
2020,MP2_B,LSU Rice,20MP2,MPB_273,Clearfield,1,8,274,7,16,test,13,89,57.47,10320.09
2020,MP2_B,LSU Rice,20MP2,MPB_273,Clearfield,2,6,210,5,38,test,14.51,87,57.13,9773.02
2020,MP2_B,LSU Rice,20MP2,MPB_274,Clearfield,1,14,546,13,30,test,20.46,84,56.01,9986.5
2020,MP2_B,LSU Rice,20MP2,MPB_274,Clearfield,2,5,179,5,7,test,19.81,88,59.46,10670.82
2020,MP2_B,LSU Rice,20MP2,MPB_279,Clearfield,1,8,264,7,6,test,21.64,85,57.82,10399.57
2020,MP2_B,LSU Rice,20MP2,MPB_279,Clearfield,2,10,380,9,36,test,20.66,86,58.63,10342.69
2020,MP2_B,LSU Rice,20MP2,MPB_280,Clearfield,1,9,351,9,7,test,19.94,87,60.05,8410.34
2020,MP2_B,LSU Rice,20MP2,MPB_280,Clearfield,2,2,40,1,40,test,17.55,88,61.38,7980.92
2020,MP2_B,LSU Rice,20MP2,MPB_286,Clearfield,1,5,177,5,5,test,17.83,89,61.67,7655.85
2020,MP2_B,LSU Rice,20MP2,MPB_286,Clearfield,2,13,526,13,10,test,18.39,88,61.42,7656.35
2020,MP2_B,LSU Rice,20MP2,MPB_288,Clearfield,1,11,469,11,39,test,11.68,89,60.54,8949.09
2020,MP2_B,LSU Rice,20MP2,MPB_288,Clearfield,2,13,530,13,14,test,14.58,91,65.14,8221.63
2020,MP2_B,LSU Rice,20MP2,MPB_289,Clearfield,1,13,517,13,1,test,15.38,88,62.22,9957.54
2020,MP2_B,LSU Rice,20MP2,MPB_289,Clearfield,2,13,520,13,4,test,16.09,86,61.58,10464.58
2020,MP2_B,LSU Rice,20MP2,MPB_290,Clearfield,1,9,418,10,13,test,13.88,88,63.11,8093.22
2020,MP2_B,LSU Rice,20MP2,MPB_290,Clearfield,2,2,43,1,43,test,12.51,90,61.6,7779.87
2020,MP2_B,LSU Rice,20MP2,MPB_294,,1,11,487,12,30,test,16.2,87,56.81,11003.48
2020,MP2_B,LSU Rice,20MP2,MPB_294,,2,14,573,14,30,test,20.55,87,69.61,9941.22
2020,MP2_B,LSU Rice,20MP2,MPB_296,,1,3,142,4,31,test,20.95,84,54.63,8958.5
2020,MP2_B,LSU Rice,20MP2,MPB_296,,2,10,375,9,31,test,22.44,84,57.01,8966.19
2020,MP2_B,LSU Rice,20MP2,MPB_300,,1,1,11,1,11,test,22.84,85,55.65,9577.16
2020,MP2_B,LSU Rice,20MP2,MPB_300,,2,14,559,13,43,test,23.97,84,58.99,10332.42
2020,MP2_C,LSU Rice,20MP2,MPC_005,Conventional,1,4,104,3,18,test,12.23,84,62.82,8040.31
2020,MP2_C,LSU Rice,20MP2,MPC_007,Conventional,1,3,144,4,29,test,13.31,85,59.76,9422.76
2020,MP2_C,LSU Rice,20MP2,MPC_009,Conventional,1,9,424,10,7,test,5.77,86,64.51,7963.72
2020,MP2_C,LSU Rice,20MP2,MPC_013,Conventional,1,11,453,11,23,test,11.25,86,56.2,7958.09
2020,MP2_C,LSU Rice,20MP2,MPC_014,Conventional,1,5,244,6,15,test,7.47,86,61.55,8314.03
2020,MP2_C,LSU Rice,20MP2,MPC_017,Conventional,1,6,218,6,41,test,8.75,91,63.87,8003.43
2020,MP2_C,LSU Rice,20MP2,MPC_020,Conventional,1,7,323,8,22,test,11.99,85,62.64,9463.01
2020,MP2_C,LSU Rice,20MP2,MPC_021,Conventional,1,1,72,2,15,test,10.5,90,62.82,7257.1
2020,MP2_C,LSU Rice,20MP2,MPC_022,Conventional,1,3,114,3,28,test,8.2,89,65.63,7511.94
2020,MP2_C,LSU Rice,20MP2,MPC_023,Conventional,1,3,126,3,40,test,9.9,83,63.1,8148.46
2020,MP2_C,LSU Rice,20MP2,MPC_024,Conventional,1,14,576,14,27,test,9.99,87,61.57,7913.14
2020,MP2_C,LSU Rice,20MP2,MPC_028,Conventional,1,12,439,11,9,test,12.75,88,60.39,7226.36
2020,MP2_C,LSU Rice,20MP2,MPC_029,Conventional,1,7,321,8,24,test,14.33,83,56.41,8591.06
2020,MP2_C,LSU Rice,20MP2,MPC_031,Conventional,1,8,273,7,15,test,11.08,88,63.94,9124.52
2020,MP2_C,LSU Rice,20MP2,MPC_033,Conventional,1,12,500,12,17,test,11.71,89,64.5,8214.42
2020,MP2_C,LSU Rice,20MP2,MPC_038,Conventional,1,5,251,6,8,test,9.6,88,61.97,8073.41
2020,MP2_C,LSU Rice,20MP2,MPC_041,Conventional,1,14,539,13,23,test,8.71,90,64.59,5024.03
2020,MP2_C,LSU Rice,20MP2,MPC_048,Conventional,1,4,88,3,2,test,9.22,90,63.74,6280.84
2020,MP2_C,LSU Rice,20MP2,MPC_049,Conventional,1,8,324,8,21,test,12.22,88,60.63,8088.47
2020,MP2_C,LSU Rice,20MP2,MPC_051,Conventional,1,5,183,5,11,test,11,88,65.3,8692.89
2020,MP2_C,LSU Rice,20MP2,MPC_059,Conventional,1,11,486,12,31,test,7.86,87,67.66,8684.61
2020,MP2_C,LSU Rice,20MP2,MPC_061,Conventional,1,2,48,2,39,test,8.54,84,61.77,7927.92
2020,MP2_C,LSU Rice,20MP2,MPC_063,Conventional,1,9,353,9,9,test,7.75,87,65.58,8406.16
2020,MP2_C,LSU Rice,20MP2,MPC_065,Conventional,1,10,387,9,43,test,13.7,87,59.22,7813.54
2020,MP2_C,LSU Rice,20MP2,MPC_069,Conventional,1,3,137,4,36,test,5.8,90,67.08,7331.81
2020,MP2_C,LSU Rice,20MP2,MPC_071,Conventional,1,14,550,13,34,test,19.34,84,57.1,8912.27
2020,MP2_C,LSU Rice,20MP2,MPC_072,Conventional,1,8,271,7,13,test,14.06,86,62.96,8394.18
2020,MP2_C,LSU Rice,20MP2,MPC_076,Conventional,1,7,298,7,40,test,9.51,86,62.93,7920.05
2020,MP2_C,LSU Rice,20MP2,MPC_077,Conventional,1,4,93,3,7,test,5.71,88,64.99,6936.28
2020,MP2_C,LSU Rice,20MP2,MPC_078,Conventional,1,1,9,1,9,test,,89,,7198.91
2020,MP2_C,LSU Rice,20MP2,MPC_080,Conventional,1,14,570,14,33,test,10.74,85,63.55,7591.52
2020,MP2_C,LSU Rice,20MP2,MPC_081,Conventional,1,13,536,13,20,test,19.8,88,60.58,8826.23
2020,MP2_C,LSU Rice,20MP2,MPC_083,Conventional,1,6,225,6,34,test,6.96,88,61.42,7520.13
2020,MP2_C,LSU Rice,20MP2,MPC_084,Conventional,1,12,502,12,15,test,9.75,94,63.04,6788.45
2020,MP2_C,LSU Rice,20MP2,MPC_089,Conventional,1,3,129,3,43,test,6.31,91,65.7,4373.29
2020,MP2_C,LSU Rice,20MP2,MPC_090,Conventional,1,2,57,2,30,test,8.77,88,66.04,7976.42
2020,MP2_C,LSU Rice,20MP2,MPC_091,Conventional,1,5,254,6,5,test,10.84,88,56.98,8165.36
2020,MP2_C,LSU Rice,20MP2,MPC_095,Conventional,1,3,121,3,35,test,13.39,86,62.28,7173.16
2020,MP2_C,LSU Rice,20MP2,MPC_101,Conventional,1,13,524,13,8,test,9.34,90,64.94,8082.26
2020,MP2_C,LSU Rice,20MP2,MPC_102,Conventional,1,3,115,3,29,test,9.68,88,65.54,9471.87
2020,MP2_C,LSU Rice,20MP2,MPC_103,Conventional,1,1,76,2,11,test,8.2,83,61.99,6452.75
2020,MP2_C,LSU Rice,20MP2,MPC_106,Het,1,11,488,12,29,test,6.46,89,63.55,7727.16
2020,MP2_C,LSU Rice,20MP2,MPC_112,Het,1,12,446,11,16,test,12.81,85,57.7,7551.06
2020,MP2_C,LSU Rice,20MP2,MPC_114,Het,1,6,199,5,27,test,5.99,90,66.37,8815.48
2020,MP2_C,LSU Rice,20MP2,MPC_115,Het,1,10,406,10,25,test,7.38,88,64.73,7687.65
2020,MP2_C,LSU Rice,20MP2,MPC_117,Het,1,4,153,4,20,test,18.77,90,58.39,9127.99
2020,MP2_C,LSU Rice,20MP2,MPC_118,Het,1,8,275,7,17,test,7.54,88,66.15,9644.82
2020,MP2_C,LSU Rice,20MP2,MPC_122,Het,1,2,47,2,40,test,9.1,89,63.06,10051.82
2020,MP2_C,LSU Rice,20MP2,MPC_125,Het,1,2,63,2,24,test,8.61,89,60.04,7627.33
2020,MP2_C,LSU Rice,20MP2,MPC_130,Het,1,7,288,7,30,test,6.18,90,63.95,7839.85
2020,MP2_C,LSU Rice,20MP2,MPC_135,Het,1,9,362,9,18,test,16.61,86,62.48,8466.43
2020,MP2_C,LSU Rice,20MP2,MPC_138,Het,1,1,19,1,19,test,7.99,90,65.77,8059.48
2020,MP2_C,LSU Rice,20MP2,MPC_139,Het,1,10,407,10,24,test,9.07,89,65.24,9142.18
2020,MP2_C,LSU Rice,20MP2,MPC_144,Het,1,4,166,4,7,test,8.22,88,67.22,9151.26
2020,MP2_C,LSU Rice,20MP2,MPC_148,Het,1,4,157,4,16,test,17.07,88,59.54,9374.32
2020,MP2_C,LSU Rice,20MP2,MPC_153,Het,1,8,276,7,18,test,11.23,87,62.45,9605.07
2020,MP2_C,LSU Rice,20MP2,MPC_154,Het,1,4,103,3,17,test,11.78,87,62.43,8366.27
2020,MP2_C,LSU Rice,20MP2,MPC_159,Het,1,1,69,2,18,test,5.59,88,65.85,8301.65
2020,MP2_C,LSU Rice,20MP2,MPC_160,Het,1,11,458,11,28,test,9.28,90,60.09,8194.32
2020,MP2_C,LSU Rice,20MP2,MPC_161,Het,1,3,110,3,24,test,10.12,89,66.55,9285.47
2020,MP2_C,LSU Rice,20MP2,MPC_162,Het,1,9,364,9,20,test,8.88,87,63.18,9095.44
2020,MP2_C,LSU Rice,20MP2,MPC_167,Het,1,10,379,9,35,test,8.07,86,62.03,9482.09
2020,MP2_C,LSU Rice,20MP2,MPC_169,Het,1,9,360,9,16,test,4.47,88,63.19,9094.83
2020,MP2_C,LSU Rice,20MP2,MPC_171,Het,1,5,174,5,2,test,9.42,89,66.25,8152.36
2020,MP2_C,LSU Rice,20MP2,MPC_177,Clearfield,1,10,383,9,39,test,11.48,90,66.28,9297.7
2020,MP2_C,LSU Rice,20MP2,MPC_179,Clearfield,1,5,192,5,20,test,6.8,89,66.27,8334.71
2020,MP2_C,LSU Rice,20MP2,MPC_184,Clearfield,1,12,508,12,9,test,10.7,87,63.52,7284.59
2020,MP2_C,LSU Rice,20MP2,MPC_186,Clearfield,1,9,350,9,6,test,4.06,90,62.85,8060.21
2020,MP2_C,LSU Rice,20MP2,MPC_189,Clearfield,1,3,146,4,27,test,7.55,92,66.08,8329.25
2020,MP2_C,LSU Rice,20MP2,MPC_192,Clearfield,1,12,497,12,20,test,5.99,88,64.88,9107.8
2020,MP2_C,LSU Rice,20MP2,MPC_193,Clearfield,1,1,85,2,2,test,13.65,90,61.8,7981.55
2020,MP2_C,LSU Rice,20MP2,MPC_195,Clearfield,1,9,414,10,17,test,7.19,87,63.96,8309.64
2020,MP2_C,LSU Rice,20MP2,MPC_196,Clearfield,1,6,209,5,37,test,7.28,87,63.55,8204.99
2020,MP2_C,LSU Rice,20MP2,MPC_197,Clearfield,1,6,234,6,25,test,5.98,89,64.53,9418.16
2020,MP2_C,LSU Rice,20MP2,MPC_201,Clearfield,1,14,566,14,37,test,13.24,88,62.19,6780.79
2020,MP2_C,LSU Rice,20MP2,MPC_202,Clearfield,1,10,373,9,29,test,8.41,88,61.46,9326.42
2020,MP2_C,LSU Rice,20MP2,MPC_203,Clearfield,1,3,150,4,23,test,14.34,90,64.96,8938.37
2020,MP2_C,LSU Rice,20MP2,MPC_210,Clearfield,1,2,31,1,31,test,14.94,89,64.09,8362.75
2020,MP2_C,LSU Rice,20MP2,MPC_218,Clearfield,1,13,593,14,10,test,8.45,88,64.21,7158.09
2020,MP2_C,LSU Rice,20MP2,MPC_221,Clearfield,1,3,119,3,33,test,9.06,90,65,9670.52
2020,MP2_C,LSU Rice,20MP2,MPC_222,Clearfield,1,7,311,8,34,test,8.76,87,62.25,9729.46
2020,MP2_C,LSU Rice,20MP2,MPC_223,Clearfield,1,3,139,4,34,test,5.62,90,66.33,9400.56
2020,MP2_C,LSU Rice,20MP2,MPC_232,Clearfield,1,9,415,10,16,test,5.91,90,66.46,8090.51
2020,MP2_C,LSU Rice,20MP2,MPC_233,Clearfield,1,11,495,12,22,test,18.34,89,58.44,8425.23
2020,MP2_C,LSU Rice,20MP2,MPC_238,Clearfield,1,10,368,9,24,test,18.57,91,62.65,8785.2
2020,MP2_C,LSU Rice,20MP2,MPC_239,Clearfield,1,4,163,4,10,test,7.92,90,66.83,9637.34
2020,MP2_C,LSU Rice,20MP2,MPC_240,Clearfield,1,3,131,4,42,test,6.1,89,64.43,7753.77
2020,MP2_C,LSU Rice,20MP2,MPC_245,Clearfield,1,8,343,8,2,test,8.23,90,63.43,9542.77
2020,MP2_C,LSU Rice,20MP2,MPC_248,Clearfield,1,6,207,5,35,test,7.39,89,63.26,9035.47
2020,MP2_C,LSU Rice,20MP2,MPC_249,Clearfield,1,1,20,1,20,test,8.61,88,64.74,8252.48
2020,MP2_C,LSU Rice,20MP2,MPC_257,Clearfield,1,8,341,8,4,test,15.05,88,62.77,9603.65
2020,MP2_C,LSU Rice,20MP2,MPC_259,Clearfield,1,4,154,4,19,test,4.32,91,66.78,8485.31
2020,MP2_C,LSU Rice,20MP2,MPC_262,Clearfield,1,4,164,4,9,test,14.38,87,62.55,10033
2020,MP2_C,LSU Rice,20MP2,MPC_273,Clearfield,1,9,430,10,1,test,14.22,90,63.98,9867.8
2020,MP2_C,LSU Rice,20MP2,MPC_278,Clearfield,1,10,386,9,42,test,8.17,90,63.48,7536.69
2020,MP2_C,LSU Rice,20MP2,MPC_281,Clearfield,1,12,443,11,13,test,5.86,90,62.36,9516.97
2020,MP2_C,LSU Rice,20MP2,MPC_286,Clearfield,1,11,480,12,37,test,5.69,89,59.81,9799.21
2020,MP2_C,LSU Rice,20MP2,MPC_289,Clearfield,1,8,340,8,5,test,5.4,89,62.31,8729.84
2020,MP2_C,LSU Rice,20MP2,MPC_291,Clearfield,1,12,507,12,10,test,9.45,89,63.66,9639.89
2020,MP2_C,LSU Rice,20MP2,MPC_297,Clearfield,1,9,357,9,13,test,10.18,87,63.51,8642.06
2020,MP2_D,LSU Rice,20MP2,MPD_003,Conventional,1,13,532,13,16,test,15.61,87,61.6,8012.57
2020,MP2_D,LSU Rice,20MP2,MPD_005,Conventional,1,8,266,7,8,test,7.46,88,55.79,8874.91
2020,MP2_D,LSU Rice,20MP2,MPD_006,Conventional,1,4,98,3,12,test,11.7,85,56.21,7974.58
2020,MP2_D,LSU Rice,20MP2,MPD_008,Conventional,1,14,564,14,39,test,11.44,88,61.59,7194.5
2020,MP2_D,LSU Rice,20MP2,MPD_009,Conventional,1,7,280,7,22,test,10.46,83,52.2,8816.14
2020,MP2_D,LSU Rice,20MP2,MPD_010,Conventional,1,3,122,3,36,test,11.9,88,63.17,9067.53
2020,MP2_D,LSU Rice,20MP2,MPD_011,Conventional,1,10,402,10,29,test,5.29,86,62.11,7719.71
2020,MP2_D,LSU Rice,20MP2,MPD_013,Conventional,1,14,562,14,41,test,16.89,85,53.65,7991.28
2020,MP2_D,LSU Rice,20MP2,MPD_015,Conventional,1,13,597,14,6,test,7.64,85,58.77,7417.26
2020,MP2_D,LSU Rice,20MP2,MPD_018,Conventional,1,8,336,8,9,test,10.53,85,55.21,9241.49
2020,MP2_D,LSU Rice,20MP2,MPD_019,Conventional,1,12,432,11,2,test,8.25,89,57.58,7769.13
2020,MP2_D,LSU Rice,20MP2,MPD_020,Conventional,1,6,219,6,40,test,8.33,85,58.77,9465.3
2020,MP2_D,LSU Rice,20MP2,MPD_021,Conventional,1,7,308,8,37,test,13.67,90,56.32,6667.66
2020,MP2_D,LSU Rice,20MP2,MPD_022,Conventional,1,9,349,9,5,test,9.37,84,50.82,7608.45
2020,MP2_D,LSU Rice,20MP2,MPD_029,Conventional,1,9,352,9,8,test,10.96,86,60.24,10041.81
2020,MP2_D,LSU Rice,20MP2,MPD_030,Conventional,1,2,59,2,28,test,10.95,87,60.09,8214.53
2020,MP2_D,LSU Rice,20MP2,MPD_031,Conventional,1,10,369,9,25,test,10.18,86,57.65,8348.01
2020,MP2_D,LSU Rice,20MP2,MPD_033,Conventional,1,3,118,3,32,test,9.35,85,61.66,9592.07
2020,MP2_D,LSU Rice,20MP2,MPD_035,Conventional,1,6,237,6,22,test,11.15,88,55.75,9482.22
2020,MP2_D,LSU Rice,20MP2,MPD_036,Conventional,1,6,204,5,32,test,9.05,89,59.76,8355.94
2020,MP2_D,LSU Rice,20MP2,MPD_037,Conventional,1,14,549,13,33,test,16.37,84,61.91,9334.17
2020,MP2_D,LSU Rice,20MP2,MPD_038,Conventional,1,13,537,13,21,test,12.21,84,62.6,8529.03
2020,MP2_D,LSU Rice,20MP2,MPD_042,Conventional,1,2,55,2,32,test,7.71,87,58.97,7017.79
2020,MP2_D,LSU Rice,20MP2,MPD_045,Conventional,1,11,455,11,25,test,8.33,87,49.9,7783.2
2020,MP2_D,LSU Rice,20MP2,MPD_048,Conventional,1,8,328,8,17,test,9.2,82,60.66,8327.95
2020,MP2_D,LSU Rice,20MP2,MPD_050,Conventional,1,11,473,11,43,test,6.86,84,57.87,7866.01
2020,MP2_D,LSU Rice,20MP2,MPD_053,Conventional,1,12,435,11,5,test,8.29,83,49.1,7357.78
2020,MP2_D,LSU Rice,20MP2,MPD_054,Conventional,1,7,293,7,35,test,9.18,88,61.94,8871.03
2020,MP2_D,LSU Rice,20MP2,MPD_056,Conventional,1,9,412,10,19,test,6.3,87,50.94,7879.56
2020,MP2_D,LSU Rice,20MP2,MPD_057,Conventional,1,11,482,12,35,test,9.21,86,61.76,8955.09
2020,MP2_D,LSU Rice,20MP2,MPD_059,Conventional,1,4,168,4,5,test,12.53,88,49.82,6692.06
2020,MP2_D,LSU Rice,20MP2,MPD_060,Conventional,1,6,228,6,31,test,8.05,91,57.57,7358.15
2020,MP2_D,LSU Rice,20MP2,MPD_063,Conventional,1,9,429,10,2,test,11.08,86,56.74,8527.23
2020,MP2_D,LSU Rice,20MP2,MPD_066,Conventional,1,9,410,10,21,test,12.37,83,57.7,9167.12
2020,MP2_D,LSU Rice,20MP2,MPD_072,Conventional,1,1,70,2,17,test,6.36,83,60.11,8416.88
2020,MP2_D,LSU Rice,20MP2,MPD_073,Conventional,1,2,54,2,33,test,7.9,89,62.62,7565.96
2020,MP2_D,LSU Rice,20MP2,MPD_075,Conventional,1,10,374,9,30,test,13.36,87,58.55,8784.23
2020,MP2_D,LSU Rice,20MP2,MPD_076,Conventional,1,12,505,12,12,test,16.61,84,61.19,8808.54
2020,MP2_D,LSU Rice,20MP2,MPD_077,Conventional,1,12,442,11,12,test,10.48,88,57.28,7870.56
2020,MP2_D,LSU Rice,20MP2,MPD_078,Conventional,1,12,448,11,18,test,9.61,84,52.18,8537.28
2020,MP2_D,LSU Rice,20MP2,MPD_081,Conventional,1,5,257,6,2,test,7.77,88,53.54,7350.13
2020,MP2_D,LSU Rice,20MP2,MPD_084,Conventional,1,13,588,14,15,test,14.9,83,57.75,7404.6
2020,MP2_D,LSU Rice,20MP2,MPD_087,Conventional,1,6,232,6,27,test,7.46,89,61.35,7718.84
2020,MP2_D,LSU Rice,20MP2,MPD_088,Conventional,1,1,13,1,13,test,11.21,86,47.29,7027.51
2020,MP2_D,LSU Rice,20MP2,MPD_089,Conventional,1,4,156,4,17,test,7.11,84,62.23,8273.44
2020,MP2_D,LSU Rice,20MP2,MPD_091,Conventional,1,11,462,11,32,test,9.41,84,49.75,7114.76
2020,MP2_D,LSU Rice,20MP2,MPD_098,Conventional,1,13,583,14,20,test,11.56,87,61.77,7779.48
2020,MP2_D,LSU Rice,20MP2,MPD_103,Conventional,1,1,67,2,20,test,3.09,88,61.36,8619.21
2020,MP2_D,LSU Rice,20MP2,MPD_105,Conventional,1,1,7,1,7,test,10.49,87,57.78,7389.62
2020,MP2_D,LSU Rice,20MP2,MPD_110,Conventional,1,2,62,2,25,test,11.38,84,57.18,8525.66
2020,MP2_D,LSU Rice,20MP2,MPD_112,Conventional,1,14,544,13,28,test,7.92,88,54.73,7162.81
2020,MP2_D,LSU Rice,20MP2,MPD_114,Conventional,1,13,598,14,5,test,10.9,83,59.49,7430.56
2020,MP2_D,LSU Rice,20MP2,MPD_117,Conventional,1,6,195,5,23,test,12.93,84,61.18,8891.78
2020,MP2_D,LSU Rice,20MP2,MPD_119,Conventional,1,4,170,4,3,test,14.05,88,60.91,8201.85
2020,MP2_D,LSU Rice,20MP2,MPD_122,Conventional,1,11,470,11,40,test,6.98,84,56.11,6399.3
2020,MP2_D,LSU Rice,20MP2,MPD_130,Conventional,1,2,38,1,38,test,7.18,91,57.31,8613.91
2020,MP2_D,LSU Rice,20MP2,MPD_132,Conventional,1,14,580,14,23,test,15.77,86,62.14,8502.18
2020,MP2_D,LSU Rice,20MP2,MPD_136,Conventional,1,13,585,14,18,test,12.94,82,63.57,7501.5
2020,MP2_D,LSU Rice,20MP2,MPD_139,Conventional,1,4,167,4,6,test,16.72,85,60.53,9925.74
2020,MP2_D,LSU Rice,20MP2,MPD_140,Conventional,1,8,344,8,1,test,7.49,85,65.24,8949.61
2020,MP2_D,LSU Rice,20MP2,MPD_146,Conventional,1,8,331,8,14,test,9.3,83,56.67,8447.18
2020,MP2_D,LSU Rice,20MP2,MPD_148,Conventional,1,13,518,13,2,test,10.58,88,61.84,8670.73
2020,MP2_D,LSU Rice,20MP2,MPD_152,Conventional,1,10,384,9,40,test,6.29,87,63.11,9655.54
2020,MP2_D,LSU Rice,20MP2,MPD_155,Conventional,1,11,467,11,37,test,13.53,88,58.76,8370.2
2020,MP2_D,LSU Rice,20MP2,MPD_160,Conventional,1,14,565,14,38,test,17.11,84,61.64,8789.09
2020,MP2_D,LSU Rice,20MP2,MPD_161,Conventional,1,10,397,10,34,test,11.79,83,56.05,9009.33
2020,MP2_D,LSU Rice,20MP2,MPD_163,Conventional,1,7,292,7,34,test,5.56,88,57.96,7738.15
2020,MP2_D,LSU Rice,20MP2,MPD_164,Conventional,1,11,491,12,26,test,6.98,88,57.76,9362.46
2020,MP2_D,LSU Rice,20MP2,MPD_165,Conventional,1,13,589,14,14,test,11.21,83,57.13,6668.7
2020,MP2_D,LSU Rice,20MP2,MPD_166,Conventional,1,7,290,7,32,test,6.79,86,61.54,8557.98
2020,MP2_D,LSU Rice,20MP2,MPD_171,Conventional,1,8,342,8,3,test,15.11,82,60.43,9477.59
2020,MP2_D,LSU Rice,20MP2,MPD_174,Conventional,1,2,25,1,25,test,15.61,86,55.13,8717.33
2020,MP2_D,LSU Rice,20MP2,MPD_175,Conventional,1,5,182,5,10,test,9.5,86,62.46,8438.91
2020,MP2_D,LSU Rice,20MP2,MPD_177,Conventional,1,12,510,12,7,test,10.8,88,63.47,7853.17
2020,MP2_D,LSU Rice,20MP2,MPD_183,Conventional,1,8,326,8,19,test,12.3,85,60.09,8687.84
2020,MP2_D,LSU Rice,20MP2,MPD_185,Conventional,1,3,125,3,39,test,10.49,87,58.66,8246.39
2020,MP2_D,LSU Rice,20MP2,MPD_186,Conventional,1,10,385,9,41,test,9.24,88,54.26,6760.45
2020,MP2_D,LSU Rice,20MP2,MPD_201,Conventional,1,8,269,7,11,test,10.77,84,59.43,9045.2
2020,MP2_D,LSU Rice,20MP2,MPD_203,Conventional,1,8,334,8,11,test,6.76,85,58.22,8149.6
2020,MP2_D,LSU Rice,20MP2,MPD_206,Conventional,1,7,296,7,38,test,12.09,85,56.6,7920.03
2020,MP2_D,LSU Rice,20MP2,MPD_207,Conventional,1,14,548,13,32,test,12.84,83,61.22,8283.63
2020,MP2_D,LSU Rice,20MP2,MPD_212,Conventional,1,13,523,13,7,test,11.86,85,61.23,7575.93
2020,MP2_D,LSU Rice,20MP2,MPD_214,Conventional,1,3,132,4,41,test,10.32,86,59.03,6868.39
2020,MP2_D,LSU Rice,20MP2,MPD_218,Conventional,1,11,490,12,27,test,13.84,86,51.43,8022.66
2020,MP2_D,LSU Rice,20MP2,MPD_224,Conventional,1,13,584,14,19,test,17.26,85,49.86,5908.6
2020,MP2_D,LSU Rice,20MP2,MPD_226,Conventional,1,1,74,2,13,test,11.13,85,51.71,7396.05
2020,MP2_D,LSU Rice,20MP2,MPD_242,Conventional,1,8,263,7,5,test,12.73,85,50.08,8477.52
2020,MP2_D,LSU Rice,20MP2,MPD_248,Conventional,1,1,16,1,16,test,14.21,85,51.3,8635.01
2020,MP2_D,LSU Rice,20MP2,MPD_252,Conventional,1,11,464,11,34,test,9.75,84,56.27,8440.37
2020,MP2_D,LSU Rice,20MP2,MPD_254,Conventional,1,12,444,11,14,test,10.55,84,53.75,8134.26
2020,MP2_D,LSU Rice,20MP2,MPD_255,Conventional,1,14,568,14,35,test,9.31,87,63.02,8593.1
2020,MP2_D,LSU Rice,20MP2,MPD_256,Conventional,1,3,145,4,28,test,7.04,89,54.71,7642.45
2020,MP2_D,LSU Rice,20MP2,MPD_269,Conventional,1,2,30,1,30,test,11.15,87,62.65,8599.14
2020,MP2_D,LSU Rice,20MP2,MPD_279,Conventional,1,6,231,6,28,test,3.04,88,58.79,8209.73
2020,MP2_D,LSU Rice,20MP2,MPD_280,Conventional,1,3,109,3,23,test,5.99,87,62.6,8156.42
2020,MP2_D,LSU Rice,20MP2,MPD_281,Conventional,1,13,519,13,3,test,14.16,83,58.01,8152.46
2020,MP2_D,LSU Rice,20MP2,MPD_285,Conventional,1,8,333,8,12,test,13.43,90,55.28,7425.68
2020,MP2_D,LSU Rice,20MP2,MPD_290,Conventional,1,6,214,5,42,test,4.29,88,60.28,7915.75
2020,MP2_D,LSU Rice,20MP2,MPD_291,Conventional,1,11,476,12,41,test,11.17,84,56.44,8471.65
2020,MP2_D,LSU Rice,20MP2,MPD_292,Conventional,1,3,116,3,30,test,8.81,90,64.19,7821.17
2020,MP2,LSU Rice,20MP2,PSDO_MP,Conventional,2,2,34,1,34,check,6.74,87,59.98,7836.74
2020,MP2,LSU Rice,20MP2,PSDO_MP,Conventional,3,3,117,3,31,check,5,88,61.38,8939.57
2020,MP2,LSU Rice,20MP2,PSDO_MP,Conventional,4,4,160,4,13,check,7.18,86,55.8,7888.92
2020,MP2,LSU Rice,20MP2,PSDO_MP,Conventional,5,5,189,5,17,check,4.88,84,61.14,8173.55
2020,MP2,LSU Rice,20MP2,PSDO_MP,Conventional,6,6,211,5,39,check,3.58,87,59.54,8356.9
2020,MP2,LSU Rice,20MP2,PSDO_MP,Conventional,8,8,261,7,3,check,5.75,86,61.05,8929.65
2020,MP2,LSU Rice,20MP2,PSDO_MP,Conventional,7,7,316,8,29,check,6.03,86,58.77,8719.99
2020,MP2,LSU Rice,20MP2,PSDO_MP,Conventional,9,9,346,9,2,check,11.56,85,62.19,8649.57
2020,MP2,LSU Rice,20MP2,PSDO_MP,Conventional,10,10,394,10,37,check,7.59,86,58.56,8259.02
2020,MP2,LSU Rice,20MP2,PSDO_MP,Conventional,12,12,449,11,19,check,6.16,87,57.76,8024.33
2020,MP2,LSU Rice,20MP2,PSDO_MP,Conventional,11,11,494,12,23,check,5.82,88,60.4,8196.55
2020,MP2,LSU Rice,20MP2,PSDO_MP,Conventional,13,13,533,13,17,check,7.43,88,61.39,7716.69
2020,MP2,LSU Rice,20MP2,PSDO_MP,Conventional,14,14,554,13,38,check,7.61,86,62.16,8179
2020,MP-FOUNDERS,LSU Rice,20MP2,PSDO_MP,Conventional,1,1,12,1,12,check,6.94,87,59.93,7725.92
2020,MP-FOUNDERS,LSU Rice,20MP2,ROYJ_MP,Conventional,1,1,5,1,5,check,18.07,92,55.75,7056.95
2020,MP-FOUNDERS,LSU Rice,20MP2,ROYJ_MP,Conventional,2,6,221,6,38,check,9.47,95,58.8,8829.59
2020,MP-FOUNDERS,LSU Rice,20MP2,ROYJ_MP,Conventional,3,9,348,9,4,check,12.37,93,61.16,9062.76
2020,MP-FOUNDERS,LSU Rice,20MP2,ROYJ_MP,Conventional,4,10,370,9,26,check,8.78,95,62.79,8981.23
